{
  "id": {
    "mean": 50.5,
    "std": 28.86607004772212,
    "min": -1.7148160424389376,
    "max": 1.7148160424389376
  },
  "age": {
    "mean": 37.27,
    "std": 7.945885727846833,
    "min": -1.6700466700011167,
    "max": 1.9796408529854976
  },
  "income": {
    "mean": 68150.0,
    "std": 17662.03555652632,
    "min": -1.7070512571162408,
    "max": 1.690065672468318
  },
  "credit_score": {
    "mean": 721.8,
    "std": 42.599999999999994,
    "min": -2.154929577464788,
    "max": 1.8356807511737103
  },
  "purchase_amount": {
    "mean": 773.0,
    "std": 485.7972828248425,
    "min": -1.2206737685970346,
    "max": 2.4228212911276725
  },
  "is_customer": {
    "mean": 0.69,
    "std": 0.46249324319388707,
    "min": -1.4919136877222166,
    "max": 0.6702800625998365
  },
  "satisfaction_score": {
    "mean": 7.36,
    "std": 1.3078226179417454,
    "min": -1.8045260631095175,
    "max": 2.0186223756818324
  }
}