{
  "x": {
    "mean": 83.12090290945807,
    "std": 49.63835803855664,
    "min": -1.2978048568693403,
    "max": 3.964254636257179
  },
  "y": {
    "mean": 318.24415048922583,
    "std": 191.53039874622468,
    "min": -1.5101735932397375,
    "max": 2.068261124103061
  },
  "width": {
    "mean": 476.0623846055742,
    "std": 87.39669144544135,
    "min": -4.812680812844587,
    "max": 7.704954904554915
  },
  "paragraph_height": {
    "mean": 29.93348444315226,
    "std": 22.09606758887772,
    "min": -1.017578664380537,
    "max": 10.484422466803933
  },
  "para_line_count": {
    "mean": 1.8658064516129031,
    "std": 1.249538686988505,
    "min": -0.6929008766423796,
    "max": 3.308575869988353
  },
  "Avg_line_height": {
    "mean": 16.27465375446968,
    "std": 6.386440020956564,
    "min": -1.5540203604672953,
    "max": 7.652676034716762
  }
}